Barcode,Qty
VDB36214,14
VDB20854,7
VDB36342,7
VDB34339,6
VDB12147,5
VDB38684,5
VDB38946,5
VDB29221,5
VDB26752,5
VDB26750,5
VDB36341,5
VDB29741,4
VDB11192,4
VDB11194,4
VDB15378,4
VDB19159,4
VDB22901,4
VDB26277,4
VDB26751,4
VDB33172,4
VDB33843,4
VDB36395,4
VDB36215,4
VDB12145,3
VDB12165,3
VDB32677,3
VDB21184,3
VDB38677,3
VDB31021,3
VDB11185,3
VDB16339,3
VDB16264,3
VDB20207,3
VDB19763,3
VDB19173,3
VDB19175,3
VDB19174,3
VDB19168,3
VDB20858,3
VDB21387,3
VDB21388,3
VDB24974,3
VDB26799,3
VDB26278,3
VDB28764,3
VDB28758,3
VDB26753,3
VDB39157,3
VDB33579,3
VDB34340,3
VDB34338,3
VDB14222,3
VDB10289,2
VDB10274,2
VDB10288,2
VDB10257,2
VDB31275,2
VDB31259,2
VDB31262,2
VDB12169,2
VDB12168,2
VDB12148,2
VDB12143,2
VDB18248,2
VDB32732,2
VDB25160,2
VDB35457,2
VDB39721,2
VDB13812,2
VDB20122,2
VDB32473,2
VDB32676,2
VDB19907,2
VDB20032,2
VDB20637,2
VDB21674,2
VDB21182,2
VDB35324,2
VDB35327,2
VDB23273,2
VDB23230,2
VDB31975,2
VDB32109,2
VDB32140,2
VDB32138,2
VDB31995,2
VDB31993,2
VDB34872,2
VDB38631,2
VDB38630,2
VDB38676,2
VDB38947,2
VDB38948,2
VDB38949,2
VDB16757,2
VDB16681,2
VDB34119,2
VDB34120,2
VDB34118,2
VDB10122,2
VDB31624,2
VDB14750,2
VDB11186,2
VDB22124,2
VDB11205,2
VDB22125,2
VDB22123,2
VDB18957,2
VDB15377,2
VDB17858,2
VDB15538,2
VDB11138,2
VDB16338,2
VDB20830,2
VDB16317,2
VDB16263,2
VDB19401,2
VDB18109,2
VDB16283,2
VDB16318,2
VDB31052,2
VDB31063,2
VDB31753,2
VDB19798,2
VDB19765,2
VDB19764,2
VDB19758,2
VDB19799,2
VDB19780,2
VDB19759,2
VDB19755,2
VDB19767,2
VDB19167,2
VDB19161,2
VDB19442,2
VDB20856,2
VDB20855,2
VDB35553,2
VDB21483,2
VDB21445,2
VDB21146,2
VDB23211,2
VDB22902,2
VDB24973,2
VDB24949,2
VDB26213,2
VDB26194,2
VDB26103,2
VDB26104,2
VDB26449,2
VDB26446,2
VDB26811,2
VDB28760,2
VDB28765,2
VDB36165,2
VDB26754,2
VDB27557,2
VDB27558,2
VDB27559,2
VDB26756,2
VDB27838,2
VDB37734,2
VDB37867,2
VDB30648,2
VDB32099,2
VDB33182,2
VDB33171,2
VDB33488,2
VDB34796,2
VDB31744,2
VDB31736,2
VDB34187,2
VDB31679,2
VDB31660,2
VDB33577,2
VDB33578,2
VDB34316,2
VDB33737,2
VDB34206,2
VDB34205,2
VDB34341,2
VDB34337,2
VDB34817,2
VDB35453,2
VDB35246,2
VDB34920,2
VDB37103,2
VDB35167,2
VDB35205,2
VDB34999,2
VDB35130,2
VDB35852,2
VDB35511,2
VDB35510,2
VDB36396,2
VDB36397,2
VDB35886,2
VDB38119,2
VDB35836,2
VDB35949,2
VDB36004,2
VDB37726,2
VDB37890,2
VDB10614,2
VDB10598,2
VDB10649,2
VDB17123,2
VDB14229,2
VDB14244,2
VDB14223,2
VDB10291,1
VDB10351,1
VDB10356,1
VDB10355,1
VDB10354,1
VDB10353,1
VDB10352,1
VDB10246,1
VDB10278,1
VDB10250,1
VDB10253,1
VDB10275,1
VDB10279,1
VDB10276,1
VDB10302,1
VDB31276,1
VDB31278,1
VDB31282,1
VDB31284,1
VDB31286,1
VDB30813,1
VDB31256,1
VDB31254,1
VDB31253,1
VDB31277,1
VDB31279,1
VDB31344,1
VDB31342,1
VDB31340,1
VDB31322,1
VDB31320,1
VDB31291,1
VDB31290,1
VDB31289,1
VDB31258,1
VDB32598,1
VDB12166,1
VDB12167,1
VDB12164,1
VDB33208,1
VDB18250,1
VDB20722,1
VDB20681,1
VDB20682,1
VDB25894,1
VDB32730,1
VDB29351,1
VDB32486,1
VDB32798,1
VDB32799,1
VDB32490,1
VDB25141,1
VDB25238,1
VDB25951,1
VDB25949,1
VDB25241,1
VDB25158,1
VDB25155,1
VDB25149,1
VDB25146,1
VDB25143,1
VDB25239,1
VDB27709,1
VDB27566,1
VDB27565,1
VDB30438,1
VDB30437,1
VDB30436,1
VDB33159,1
VDB35111,1
VDB35118,1
VDB35128,1
VDB37386,1
VDB35389,1
VDB35114,1
VDB35120,1
VDB35119,1
VDB39776,1
VDB39769,1
VDB39755,1
VDB39763,1
VDB39770,1
VDB39811,1
VDB39727,1
VDB39722,1
VDB12297,1
VDB12298,1
VDB12299,1
VDB12305,1
VDB12286,1
VDB28425,1
VDB29749,1
VDB12312,1
VDB12319,1
VDB12341,1
VDB12354,1
VDB12334,1
VDB12340,1
VDB13347,1
VDB13341,1
VDB13377,1
VDB13419,1
VDB13482,1
VDB13454,1
VDB13503,1
VDB13469,1
VDB13461,1
VDB13551,1
VDB13727,1
VDB13707,1
VDB13720,1
VDB13798,1
VDB13802,1
VDB20346,1
VDB13817,1
VDB31512,1
VDB13816,1
VDB13810,1
VDB13819,1
VDB23684,1
VDB32885,1
VDB20607,1
VDB20619,1
VDB20625,1
VDB19077,1
VDB19832,1
VDB16939,1
VDB19829,1
VDB20406,1
VDB21326,1
VDB35593,1
VDB35601,1
VDB35604,1
VDB23420,1
VDB18344,1
VDB18341,1
VDB23415,1
VDB23411,1
VDB23416,1
VDB23413,1
VDB23412,1
VDB21931,1
VDB31471,1
VDB31473,1
VDB31476,1
VDB20108,1
VDB34272,1
VDB20124,1
VDB31960,1
VDB31472,1
VDB34647,1
VDB21185,1
VDB19905,1
VDB21183,1
VDB19906,1
VDB20413,1
VDB20639,1
VDB22551,1
VDB35311,1
VDB35323,1
VDB35325,1
VDB35309,1
VDB35322,1
VDB35328,1
VDB35321,1
VDB35320,1
VDB35966,1
VDB35313,1
VDB22506,1
VDB29096,1
VDB23238,1
VDB23231,1
VDB23272,1
VDB23254,1
VDB23274,1
VDB23242,1
VDB23239,1
VDB23257,1
VDB23218,1
VDB23226,1
VDB22628,1
VDB22619,1
VDB22618,1
VDB22606,1
VDB22630,1
VDB22635,1
VDB22649,1
VDB22647,1
VDB22641,1
VDB22640,1
VDB22636,1
VDB22622,1
VDB22603,1
VDB22624,1
VDB28522,1
VDB29229,1
VDB28511,1
VDB28535,1
VDB28506,1
VDB31822,1
VDB31983,1
VDB31982,1
VDB31981,1
VDB34917,1
VDB33090,1
VDB32167,1
VDB32106,1
VDB32105,1
VDB31998,1
VDB31997,1
VDB33091,1
VDB33092,1
VDB34890,1
VDB34886,1
VDB33477,1
VDB33468,1
VDB33237,1
VDB33195,1
VDB33194,1
VDB31984,1
VDB32111,1
VDB32137,1
VDB32139,1
VDB32942,1
VDB32160,1
VDB32155,1
VDB32158,1
VDB32159,1
VDB31977,1
VDB31986,1
VDB31994,1
VDB31996,1
VDB33235,1
VDB28602,1
VDB35961,1
VDB34871,1
VDB38629,1
VDB38678,1
VDB38681,1
VDB38682,1
VDB38680,1
VDB38683,1
VDB29692,1
VDB29691,1
VDB16808,1
VDB16752,1
VDB16722,1
VDB16737,1
VDB16803,1
VDB16806,1
VDB16801,1
VDB16799,1
VDB16733,1
VDB16754,1
VDB16756,1
VDB16793,1
VDB16749,1
VDB16789,1
VDB16791,1
VDB16724,1
VDB16750,1
VDB16751,1
VDB16730,1
VDB16804,1
VDB16966,1
VDB19046,1
VDB10004,1
VDB19045,1
VDB10003,1
VDB10124,1
VDB10125,1
VDB10123,1
VDB35980,1
VDB35978,1
VDB35975,1
VDB35977,1
VDB35974,1
VDB11753,1
VDB11762,1
VDB11752,1
VDB14749,1
VDB31015,1
VDB31017,1
VDB31009,1
VDB31014,1
VDB31008,1
VDB31007,1
VDB30817,1
VDB14740,1
VDB14741,1
VDB14742,1
VDB31013,1
VDB31022,1
VDB31024,1
VDB31023,1
VDB31016,1
VDB15006,1
VDB15007,1
VDB11202,1
VDB11189,1
VDB18732,1
VDB29689,1
VDB29688,1
VDB29690,1
VDB11191,1
VDB11193,1
VDB11209,1
VDB11188,1
VDB11204,1
VDB11203,1
VDB11201,1
VDB11200,1
VDB11208,1
VDB11196,1
VDB11199,1
VDB15380,1
VDB15379,1
VDB15373,1
VDB15370,1
VDB15535,1
VDB15533,1
VDB15778,1
VDB15919,1
VDB15920,1
VDB15921,1
VDB11132,1
VDB11135,1
VDB11136,1
VDB18197,1
VDB16337,1
VDB18389,1
VDB19400,1
VDB16262,1
VDB16260,1
VDB22242,1
VDB20208,1
VDB22291,1
VDB16319,1
VDB22292,1
VDB16272,1
VDB21020,1
VDB16314,1
VDB22294,1
VDB22293,1
VDB16313,1
VDB21867,1
VDB20769,1
VDB16559,1
VDB21324,1
VDB21021,1
VDB21225,1
VDB16511,1
VDB21868,1
VDB21869,1
VDB16288,1
VDB16315,1
VDB25423,1
VDB16308,1
VDB20753,1
VDB20829,1
VDB16292,1
VDB16326,1
VDB16320,1
VDB21936,1
VDB16276,1
VDB16275,1
VDB16285,1
VDB16281,1
VDB16309,1
VDB16321,1
VDB16304,1
VDB16327,1
VDB18879,1
VDB16510,1
VDB16557,1
VDB16305,1
VDB16312,1
VDB31044,1
VDB31048,1
VDB31053,1
VDB31057,1
VDB31050,1
VDB37727,1
VDB33053,1
VDB33051,1
VDB30976,1
VDB30975,1
VDB30974,1
VDB31754,1
VDB31899,1
VDB33360,1
VDB19762,1
VDB19778,1
VDB19781,1
VDB19757,1
VDB19760,1
VDB19777,1
VDB19800,1
VDB19786,1
VDB19766,1
VDB20271,1
VDB19801,1
VDB20226,1
VDB20272,1
VDB19776,1
VDB20227,1
VDB19929,1
VDB19504,1
VDB19507,1
VDB19505,1
VDB19503,1
VDB19506,1
VDB20763,1
VDB20748,1
VDB19112,1
VDB19057,1
VDB20750,1
VDB19166,1
VDB19165,1
VDB19160,1
VDB19435,1
VDB35566,1
VDB35565,1
VDB35569,1
VDB21148,1
VDB21196,1
VDB21351,1
VDB21606,1
VDB22254,1
VDB21651,1
VDB21770,1
VDB21802,1
VDB21783,1
VDB29104,1
VDB21350,1
VDB21352,1
VDB21195,1
VDB21594,1
VDB21197,1
VDB27991,1
VDB27988,1
VDB23213,1
VDB23212,1
VDB23485,1
VDB21484,1
VDB21252,1
VDB21145,1
VDB21486,1
VDB21653,1
VDB21652,1
VDB22903,1
VDB24027,1
VDB24040,1
VDB25009,1
VDB25008,1
VDB25006,1
VDB25002,1
VDB25000,1
VDB24999,1
VDB24998,1
VDB24997,1
VDB24980,1
VDB24975,1
VDB25010,1
VDB25012,1
VDB25181,1
VDB25179,1
VDB25178,1
VDB25018,1
VDB25017,1
VDB25016,1
VDB25015,1
VDB25014,1
VDB24968,1
VDB24967,1
VDB24962,1
VDB24961,1
VDB24960,1
VDB24956,1
VDB24950,1
VDB37851,1
VDB24990,1
VDB24963,1
VDB26196,1
VDB26216,1
VDB26215,1
VDB26198,1
VDB26197,1
VDB26680,1
VDB26851,1
VDB26876,1
VDB26108,1
VDB26107,1
VDB26106,1
VDB26105,1
VDB29223,1
VDB29222,1
VDB29220,1
VDB35620,1
VDB35619,1
VDB34302,1
VDB29214,1
VDB34177,1
VDB26448,1
VDB26447,1
VDB26434,1
VDB34105,1
VDB33582,1
VDB34104,1
VDB26433,1
VDB27814,1
VDB26798,1
VDB26817,1
VDB26804,1
VDB26803,1
VDB26787,1
VDB26842,1
VDB26841,1
VDB26800,1
VDB26812,1
VDB26801,1
VDB26835,1
VDB26786,1
VDB26791,1
VDB26806,1
VDB26282,1
VDB28757,1
VDB28766,1
VDB26749,1
VDB36163,1
VDB36166,1
VDB27834,1
VDB27832,1
VDB27892,1
VDB27894,1
VDB27840,1
VDB27907,1
VDB27862,1
VDB27863,1
VDB39190,1
VDB39189,1
VDB37740,1
VDB28443,1
VDB28442,1
VDB28438,1
VDB28426,1
VDB29415,1
VDB29418,1
VDB29417,1
VDB30649,1
VDB30653,1
VDB29801,1
VDB29796,1
VDB29794,1
VDB29793,1
VDB29791,1
VDB29790,1
VDB29716,1
VDB29718,1
VDB29404,1
VDB31731,1
VDB32401,1
VDB31881,1
VDB31870,1
VDB31676,1
VDB31670,1
VDB31669,1
VDB31877,1
VDB31675,1
VDB31672,1
VDB31668,1
VDB32412,1
VDB31874,1
VDB32195,1
VDB31866,1
VDB31677,1
VDB31735,1
VDB31743,1
VDB31643,1
VDB37735,1
VDB31745,1
VDB33183,1
VDB33497,1
VDB34795,1
VDB31924,1
VDB31770,1
VDB31655,1
VDB31926,1
VDB31927,1
VDB31920,1
VDB31771,1
VDB31783,1
VDB31784,1
VDB31785,1
VDB30499,1
VDB30553,1
VDB30511,1
VDB31650,1
VDB30517,1
VDB30541,1
VDB31929,1
VDB31951,1
VDB34315,1
VDB34085,1
VDB33852,1
VDB36146,1
VDB36147,1
VDB34342,1
VDB34450,1
VDB34449,1
VDB34448,1
VDB34447,1
VDB34445,1
VDB34438,1
VDB34336,1
VDB34452,1
VDB34453,1
VDB34582,1
VDB34581,1
VDB34475,1
VDB34474,1
VDB34473,1
VDB34335,1
VDB35452,1
VDB35449,1
VDB35302,1
VDB35301,1
VDB34439,1
VDB35450,1
VDB35589,1
VDB34571,1
VDB35451,1
VDB35213,1
VDB34922,1
VDB34921,1
VDB34806,1
VDB34805,1
VDB35217,1
VDB35214,1
VDB34919,1
VDB35219,1
VDB35220,1
VDB35658,1
VDB39163,1
VDB39191,1
VDB35168,1
VDB35129,1
VDB36710,1
VDB35517,1
VDB35516,1
VDB35515,1
VDB35514,1
VDB35512,1
VDB36711,1
VDB36748,1
VDB35509,1
VDB35848,1
VDB35847,1
VDB35857,1
VDB35846,1
VDB36745,1
VDB35525,1
VDB36138,1
VDB35853,1
VDB36140,1
VDB36159,1
VDB35849,1
VDB35845,1
VDB35508,1
VDB35526,1
VDB35524,1
VDB35527,1
VDB37498,1
VDB37499,1
VDB38488,1
VDB38489,1
VDB37404,1
VDB35837,1
VDB35631,1
VDB36211,1
VDB35947,1
VDB35950,1
VDB36040,1
VDB36039,1
VDB36041,1
VDB36054,1
VDB36031,1
VDB36006,1
VDB35999,1
VDB36319,1
VDB36510,1
VDB36316,1
VDB36302,1
VDB36305,1
VDB35998,1
VDB37891,1
VDB10611,1
VDB10645,1
VDB10596,1
VDB21048,1
VDB10607,1
VDB10615,1
VDB10635,1
VDB10641,1
VDB10642,1
VDB10663,1
VDB21922,1
VDB10621,1
VDB10619,1
VDB10646,1
VDB10648,1
VDB23470,1
VDB10600,1
VDB10599,1
VDB10608,1
VDB10603,1
VDB21920,1
VDB10647,1
VDB20765,1
VDB17613,1
VDB10573,1
VDB10572,1
VDB14232,1
VDB29175,1
VDB23824,1
VDB23823,1
VDB14231,1
VDB14271,1
VDB14273,1
VDB14272,1
VDB14260,1
VDB14224,1
VDB14258,1
VDB14230,1
VDB14225,1
VDB14250,1
VDB14257,1
VDB14259,1
VDB14251,1
VDB14252,1
VDB31103,1